study_id	animal	genotype	sex	tx	dose_dio	dosing_regimen	icv_date	harvest_date	days_harvest
CMR-1313	85367.1	Tg26372	M	2440-exNA	1	0	2021-05-13	2021-06-16	34
CMR-1313	85367.2	Tg26372	M	2440-exNA	1	0	2021-05-13	2021-06-16	34
CMR-1313	85367.3	Tg26372	M	2440-hiPS	1	0	2021-05-13	2021-06-16	34
CMR-1313	85367.4	Tg26372	M	2440-hiPS	1	0	2021-05-13	2021-06-16	34
CMR-1313	85368.1	Tg26372	F	2440-exNA	10	0	2021-05-04	2021-06-07	34
CMR-1313	85368.2	Tg26372	F	2440-exNA	10	0	2021-05-04	2021-06-07	34
CMR-1313	85368.3	Tg26372	F	2440-hiPS	10	0	2021-05-04	2021-06-07	34
CMR-1313	85369.1	Tg26372	F	2440-hiPS	1	0	2021-05-04		
CMR-1313	85369.X	Tg26372	F	2440-hiPS	1	0	2021-05-04		
CMR-1313	85369.3	Tg26372	F	saline	0	0	2021-05-04		
CMR-1313	85369.4	Tg26372	F	saline	0	0	2021-05-04		
CMR-1313	85369.2	Tg26372	F	2440-hiPS	1	0	2021-05-04	2021-06-07	34
CMR-1313	85370.1	Tg26372	M	2440-hiPS	10	0	2021-05-04		
CMR-1313	85370.2	Tg26372	M	2440-hiPS	10	0	2021-05-04		
CMR-1313	85370.3	Tg26372	M	2440-exNA	10	0	2021-05-04	2021-06-07	34
CMR-1313	85370.4	Tg26372	M	none	0	0	2021-05-04	2021-06-07	34
CMR-1313	85371.1	Tg26372	M	2440-hiPS	1	0	2021-05-13	2021-06-16	34
CMR-1313	85372.1	Tg26372	M			0			
CMR-1313	85372.2	Tg26372	M			0			
CMR-1313	85372.3	Tg26372	M			0			
CMR-1313	85373.1	Tg26372	M	2440-hiPS	10	0	2021-05-13	2021-06-16	34
CMR-1313	85374.1	Tg26372	M	2440-exNA	1	0	2021-05-13	2021-06-16	34
CMR-1313	85374.2	Tg26372	M	2440-exNA	1	0	2021-05-13	2021-06-16	34
CMR-1313	85374.3	Tg26372	M	saline	0	0	2021-05-13	2021-06-16	34
CMR-1313	85374.4	Tg26372	M	saline	0	0	2021-05-13	2021-06-16	34
CMR-1313	85382.1	Tg26372	F	2440-hiPS	10	0	2021-05-14	2021-06-16	33
CMR-1313	85382.2	Tg26372	F	2440-hiPS	10	0	2021-05-14	2021-06-16	33
CMR-1313	85382.3	Tg26372	F	NTC	10	0	2021-05-14	2021-06-16	33
CMR-1313	85381.1	Tg26372	M	2440-hiPS	10	0	2021-05-14	2021-06-16	33
CMR-1313	85380.1	Tg26372	F	2440-exNA	1	0	2021-05-13	2021-06-16	34
CMR-1313	85380.2	Tg26372	F	2440-exNA	1	0	2021-05-13	2021-06-16	34
CMR-1313	85380.3	Tg26372	F	saline	0	0	2021-05-13	2021-06-16	34
CMR-1313	85380.4	Tg26372	F	saline	0	0	2021-05-13	2021-06-16	34
CMR-1313	85379.1	Tg26372	M	2440-hiPS	10	0	2021-05-13	2021-06-16	34
CMR-1313	85379.2	Tg26372	M	saline	0	0	2021-05-13	2021-06-16	34
CMR-1313	85379.3	Tg26372	M	NTC	10	0	2021-05-13	2021-06-16	34
CMR-1313	85378.1	Tg26372	F	2440-hiPS	10	0	2021-05-14	2021-06-16	33
CMR-1313	85378.2	Tg26372	F	2440-hiPS	10	0	2021-05-14	2021-06-16	33
CMR-1313	85378.3	Tg26372	F	NTC	10	0	2021-05-14	2021-06-16	33
CMR-1313	85378.4	Tg26372	F	NTC	10	0	2021-05-14	2021-06-16	33
CMR-1313	85377.1	Tg26372	M	2440-exNA	10	0	2021-05-14	2021-06-16	33
CMR-1313	85377.2	Tg26372	M	2440-exNA	10	0	2021-05-14	2021-06-16	33
CMR-1313	85377.3	Tg26372	M	2440-exNA	10	0	2021-05-14	2021-06-16	33
CMR-1313	85377.4	Tg26372	M	NTC	10	0	2021-05-14	2021-06-16	33
CMR-1313	85377.5	Tg26372	M	NTC	10	0	2021-05-14	2021-06-16	33
CMR-1313	85376.1	Tg26372	F	saline	0	0	2021-05-13	2021-06-16	34
CMR-1313	85376.2	Tg26372	F	2440-exNA	1	0	2021-05-13	2021-06-16	34
CMR-1313	85376.3	Tg26372	F	2440-exNA	10	0	2021-05-13	2021-06-16	34
CMR-1313	85375.1	Tg26372	F			0			
CMR-1313	85375.2	Tg26372	F			0			
CMR-1313	85375.3	Tg26372	F			0			
CMR-1313	80575.1	Tg26372	M	2226-hiPS	10	0	2021-06-10	2021-07-12	32
CMR-1313	80575.2	Tg26372	M	2226-hiPS	10	0	2021-06-10	2021-07-12	32
CMR-1313	80575.3	Tg26372	M	2226-exNA	10	0	2021-06-10		
CMR-1313	80575.4	Tg26372	M	1035-hiPS	10	0	2021-06-10	2021-07-12	32
CMR-1313	80575.5	Tg26372	M	1035-exNA	10	0	2021-06-10	2021-07-12	32
CMR-1313	80576.1	Tg26372	F	2226-hiPS	10	0	2021-06-10	2021-07-12	32
CMR-1313	80576.2	Tg26372	F	2226-exNA	10	0	2021-06-10	2021-07-12	32
CMR-1313	80576.3	Tg26372	F	2226-exNA	10	0	2021-06-10	2021-07-12	32
CMR-1313	80577.1	Tg26372	F	1035-hiPS	10	0	2021-06-10	2021-07-12	32
CMR-1313	80577.2	Tg26372	F	1035-exNA	10	0	2021-06-10	2021-07-12	32
CMR-1313	80577.3	Tg26372	F	1035-exNA	10	0	2021-06-10	2021-07-12	32
CMR-1313	80581.1	Tg26372	M	2226-hiPS	10	0	2021-06-10	2021-07-12	32
CMR-1313	80581.2	Tg26372	M	2226-exNA	10	0	2021-06-10	2021-07-12	32
CMR-1313	80581.3	Tg26372	M	1035-hiPS	10	0	2021-06-10	2021-07-12	32
CMR-1313	80581.4	Tg26372	M	2226-exNA	10	0	2021-06-10	2021-07-12	32
CMR-1313	80581.5	Tg26372	M	1035-exNA	10	0	2021-06-10	2021-07-12	32
CMR-1313	80582.1	Tg26372	F	2226-hiPS	10	0	2021-06-10	2021-07-12	32
CMR-1313	80582.2	Tg26372	F	2226-exNA	10	0	2021-06-10	2021-07-12	32
CMR-1313	80582.3	Tg26372	F	1035-hiPS	10	0	2021-06-10	2021-07-12	32
CMR-1403	88067.1	C57BL/6N	F	1682-hiPS	1	0	2021-07-08	2021-07-27	19
CMR-1403	88067.2	C57BL/6N	F	1682-hiPS	1	0	2021-07-08	2021-07-27	19
CMR-1403	88067.3	C57BL/6N	F	1682-hiPS	1	0	2021-07-08	2021-07-27	19
CMR-1403	88068.1	C57BL/6N	F	1682-hiPS	10	0	2021-07-08	2021-07-27	19
CMR-1403	88068.2	C57BL/6N	F	1682-hiPS	10	0	2021-07-08	2021-07-27	19
CMR-1403	88068.3	C57BL/6N	F	1682-hiPS	10	0	2021-07-08	2021-07-27	19
CMR-1403	88069.1	C57BL/6N	F	1682-exNA	1	0	2021-07-08	2021-07-27	19
CMR-1403	88069.2	C57BL/6N	F	1682-exNA	1	0	2021-07-08	2021-07-27	19
CMR-1403	88069.3	C57BL/6N	F	1682-exNA	1	0	2021-07-08	2021-07-27	19
CMR-1403	88070.1	C57BL/6N	F	1682-exNA	10	0	2021-07-08	2021-07-27	19
CMR-1403	88070.2	C57BL/6N	F	1682-exNA	10	0	2021-07-08	2021-07-27	19
CMR-1403	88070.3	C57BL/6N	F	1682-exNA	10	0	2021-07-08	2021-07-27	19
CMR-1403	88071.1	C57BL/6N	F	1035-hiPS	1	0	2021-07-08	2021-07-27	19
CMR-1403	88071.2	C57BL/6N	F	1035-hiPS	1	0	2021-07-08	2021-07-27	19
CMR-1403	88071.3	C57BL/6N	F	1035-hiPS	1	0	2021-07-08	2021-07-27	19
CMR-1403	88072.1	C57BL/6N	F	1035-hiPS	10	0	2021-07-07	2021-07-29	22
CMR-1403	88072.2	C57BL/6N	F	1035-hiPS	10	0	2021-07-07	2021-07-29	22
CMR-1403	88072.3	C57BL/6N	F	1035-hiPS	10	0	2021-07-07	2021-07-29	22
CMR-1403	88073.1	C57BL/6N	F	1035-exNA	1	0	2021-07-07	2021-07-27	20
CMR-1403	88073.2	C57BL/6N	F	1035-exNA	1	0	2021-07-07	2021-07-27	20
CMR-1403	88073.3	C57BL/6N	F	1035-exNA	1	0	2021-07-07	2021-07-27	20
CMR-1403	88074.1	C57BL/6N	F	1035-exNA	10	0	2021-07-07	2021-07-27	20
CMR-1403	88074.2	C57BL/6N	F	1035-exNA	10	0	2021-07-07	2021-07-27	20
CMR-1403	88074.3	C57BL/6N	F	NTC	10	0	2021-07-07	2021-07-27	20
CMR-1403	88075.1	C57BL/6N	F			0			
CMR-1403	88075.2	C57BL/6N	F	NTC	10	0	2021-07-07	2021-07-27	20
CMR-1403	88075.3	C57BL/6N	F	NTC	10	0	2021-07-07	2021-07-27	20
CMR-1403	88076.1	C57BL/6N	F	saline	0	0	2021-07-07	2021-07-27	20
CMR-1403	88076.2	C57BL/6N	F	saline	0	0	2021-07-07	2021-07-27	20
CMR-1403	88076.3	C57BL/6N	F	saline	0	0	2021-07-07	2021-07-27	20
CMR-1403	88077.1	C57BL/6N	M	1682-hiPS	1	0	2021-07-08		
CMR-1403	88077.2	C57BL/6N	M	1682-hiPS	1	0	2021-07-08	2021-07-27	19
CMR-1403	88077.3	C57BL/6N	M	1682-hiPS	1	0	2021-07-08	2021-07-27	19
CMR-1403	88078.1	C57BL/6N	M	1682-hiPS	10	0	2021-07-08	2021-07-29	21
CMR-1403	88078.2	C57BL/6N	M			0			
CMR-1403	88078.3	C57BL/6N	M			0			
CMR-1403	88079.1	C57BL/6N	M	1682-hiPS	10	0	2021-07-08	2021-07-29	21
CMR-1403	88079.2	C57BL/6N	M	1682-hiPS	10	0	2021-07-08	2021-07-29	21
CMR-1403	88079.3	C57BL/6N	M	1682-exNA	1	0	2021-07-08	2021-07-29	21
CMR-1403	88080.1	C57BL/6N	M	1682-exNA	1	0	2021-07-08	2021-07-29	21
CMR-1403	88080.2	C57BL/6N	M	1682-exNA	1	0	2021-07-08	2021-07-29	21
CMR-1403	88080.3	C57BL/6N	M	1682-exNA	10	0	2021-07-08	2021-07-29	21
CMR-1403	88081.1	C57BL/6N	M	1682-exNA	10	0	2021-07-08	2021-07-29	21
CMR-1403	88081.2	C57BL/6N	M	1682-exNA	10	0	2021-07-08	2021-07-29	21
CMR-1403	88081.3	C57BL/6N	M	1035-hiPS	1	0	2021-07-08	2021-07-29	21
CMR-1403	88082.1	C57BL/6N	M	1035-hiPS	1	0	2021-07-08	2021-07-29	21
CMR-1403	88082.2	C57BL/6N	M	1035-hiPS	1	0	2021-07-08	2021-07-29	21
CMR-1403	88082.3	C57BL/6N	M	1035-hiPS	10	0	2021-07-08	2021-07-29	21
CMR-1403	88083.1	C57BL/6N	M	1035-hiPS	10	0	2021-07-07		
CMR-1403	88083.2	C57BL/6N	M	1035-hiPS	10	0	2021-07-07	2021-07-29	22
CMR-1403	88083.3	C57BL/6N	M	1035-exNA	1	0	2021-07-07	2021-07-29	22
CMR-1403	88084.1	C57BL/6N	M	1035-exNA	1	0	2021-07-07	2021-07-29	22
CMR-1403	88084.2	C57BL/6N	M	1035-exNA	1	0	2021-07-07	2021-07-29	22
CMR-1403	88084.3	C57BL/6N	M	1035-exNA	10	0	2021-07-07	2021-07-29	22
CMR-1403	88085.1	C57BL/6N	M	1035-exNA	10	0	2021-07-07	2021-07-29	22
CMR-1403	88085.2	C57BL/6N	M	1035-exNA	10	0	2021-07-07	2021-07-29	22
CMR-1403	88085.3	C57BL/6N	M	NTC	10	0	2021-07-07	2021-07-29	22
CMR-1403	84065.1	C57BL/6N	M	saline	0	0	2021-07-07	2021-07-29	22
CMR-1403	88086.2	C57BL/6N	M	saline	0	0	2021-07-07	2021-07-29	22
CMR-1403	88086.3	C57BL/6N	M	saline	0	0	2021-07-07	2021-07-29	22
CMR-1418	82487.2	Tg25109	M	saline	0	0	2021-07-21		
CMR-1418	82487.3	Tg25109	M	saline	0	0	2021-07-21	2021-08-24	34
CMR-1418	82487.4	Tg25109	M	NTC	10	0	2021-07-20		
CMR-1418	82488.1	Tg25109	M	2440-hiPS	10	0	2021-07-20	2021-08-24	35
CMR-1418	82488.2	Tg25109	M	2440-exNA	10	0	2021-07-20	2021-08-24	35
CMR-1418	82490.1	Tg25109	M	NTC	10	0	2021-07-20	2021-08-24	35
CMR-1418	82490.3	Tg25109	M	2440-exNA	10	0	2021-07-20	2021-08-24	35
CMR-1418	82490.4	Tg25109	M	2440-exNA	10	0	2021-07-20	2021-08-24	35
CMR-1418	84049.1	Tg25109	F	saline	0	0	2021-07-20	2021-08-24	35
CMR-1418	84049.2	Tg25109	F	saline	0	0	2021-07-20	2021-08-24	35
CMR-1418	84049.3	Tg25109	F	NTC	10	0	2021-07-20	2021-08-24	35
CMR-1418	84049.5	Tg25109	F	NTC	10	0	2021-07-20	2021-08-24	35
CMR-1418	84050.1	Tg25109	M	2440-hiPS	10	0	2021-07-20	2021-08-24	35
CMR-1418	84051.1	Tg25109	F	2440-hiPS	10	0	2021-07-20	2021-08-24	35
CMR-1418	84051.2	Tg25109	F	2440-exNA	10	0	2021-07-20	2021-08-24	35
CMR-1418	84051.4	Tg25109	F	2440-exNA	10	0	2021-07-20	2021-08-24	35
CMR-1418	84053.2	Tg25109	M	2440-exNA	10	0	2021-07-20	2021-08-24	35
CMR-1418	84054.1	Tg25109	F	NTC	10	0	2021-07-20	2021-08-24	35
CMR-1418	84055.1	Tg25109	M	saline	0	0	2021-07-21	2021-08-24	34
CMR-1418	84055.2	Tg25109	M	saline	0	0	2021-07-21	2021-08-24	34
CMR-1418	84055.3	Tg25109	M	NTC	10	0	2021-07-21	2021-08-24	34
CMR-1418	84063.2	Tg25109	M	2440-hiPS	10	0	2021-07-20	2021-08-24	35
CMR-1418	84064.1	Tg25109	F	2440-hiPS	10	0	2021-07-20	2021-08-24	35
CMR-1418	84064.2	Tg25109	F	2440-exNA	10	0	2021-07-20	2021-08-24	35
CMR-1465	89313.1	Tg26372	M	2710-P3 v1	10	0	2021-08-11		
CMR-1465	89313.2	Tg26372	M	2520-P3 v1	10	0	2021-08-11	2021-09-14	34
CMR-1465	89313.3	Tg26372	M	2520-P3 v1	10	0	2021-08-11	2021-09-14	34
CMR-1465	89313.4	Tg26372	M	2520-P3 v1	10	0	2021-08-11	2021-09-14	34
CMR-1465	89313.5	Tg26372	M	2710-P3 v1	10	0	2021-08-11	2021-09-14	34
CMR-1465	89314.1	Tg26372	F	saline	0	0	2021-08-11	2021-09-14	34
CMR-1465	89314.2	Tg26372	F	saline	0	0	2021-08-11	2021-09-14	34
CMR-1465	89314.3	Tg26372	F	saline	0	0	2021-08-11	2021-09-14	34
CMR-1465	89314.4	Tg26372	F	NTC-P3 v1	10	0	2021-08-11	2021-09-14	34
CMR-1465	89315.1	Tg26372	F	2768-P3 v1	10	0	2021-08-11	2021-09-14	34
CMR-1465	89315.2	Tg26372	F	2768-P3 v1	10	0	2021-08-11	2021-09-14	34
CMR-1465	89315.3	Tg26372	F	2768-P3 v1	10	0	2021-08-11		
CMR-1465	89318.1	Tg26372	F	2710-P3 v1	10	0	2021-08-11	2021-09-14	34
CMR-1465	89318.2	Tg26372	F	2710-P3 v1	10	0	2021-08-11	2021-09-14	34
CMR-1465	89318.3	Tg26372	F	2710-P3 v1	10	0	2021-08-11	2021-09-10	30
CMR-1465	89318.4	Tg26372	F	2520-P3 v1	10	0	2021-08-11	2021-09-14	34
CMR-1465	89319.1	Tg26372	F	2520-P3 v1	10	0	2021-08-11	2021-09-14	34
CMR-1465	89319.2	Tg26372	F	2520-P3 v1	10	0	2021-08-11	2021-09-14	34
CMR-1465	89324.1	Tg26372	M	saline	0	0	2021-08-10	2021-09-14	35
CMR-1465	89324.2	Tg26372	M	saline	0	0	2021-08-10	2021-09-14	35
CMR-1465	89324.3	Tg26372	M	saline	0	0	2021-08-10	2021-09-14	35
CMR-1465	89324.4	Tg26372	M	NTC-P3 v1	10	0	2021-08-10	2021-09-14	35
CMR-1465	89324.5	Tg26372	M	NTC-P3 v1	10	0	2021-08-10	2021-09-14	35
CMR-1465	89324.6	Tg26372	M	NTC-P3 v1	10	0	2021-08-10	2021-09-14	35
CMR-1465	89325.1	Tg26372	M	2768-P3 v1	10	0	2021-08-10	2021-09-14	35
CMR-1465	89325.2	Tg26372	M	2768-P3 v1	10	0	2021-08-10	2021-09-14	35
CMR-1465	89325.3	Tg26372	M	2710-P3 v1	10	0	2021-08-10	2021-09-14	35
CMR-1465	89325.4	Tg26372	M	2710-P3 v1	10	0	2021-08-10	2021-09-14	35
CMR-1465	89344.1	Tg26372	F	NTC-P3 v1	10	0	2021-08-10	2021-09-14	35
CMR-1465	89344.2	Tg26372	F	NTC-P3 v1	10	0	2021-08-10	2021-09-14	35
CMR-1465	89344.3	Tg26372	F	2439-P3 v1	10	0	2021-08-10	2021-09-14	35
CMR-1465	89344.4	Tg26372	F	2439-P3 v1	10	0	2021-08-10	2021-09-14	35
CMR-1465	89344.5	Tg26372	F	2439-P3 v1	10	0	2021-08-10	2021-09-14	35
CMR-1465	89346.1	Tg26372	M	2439-P3 v1	10	0	2021-08-11	2021-09-14	34
CMR-1465	89346.2	Tg26372	M	2439-P3 v1	10	0	2021-08-11	2021-09-14	34
CMR-1465	89346.3	Tg26372	M	2439-P3 v1	10	0	2021-08-11	2021-09-14	34
CMR-1465	89346.4	Tg26372	M	2768-P3 v1	10	0	2021-08-11	2021-09-14	34
CMR-1656	92821.1	C57BL/6N	M	ntc-exNA	10	0	2021-11-02	2021-12-02	30
CMR-1656	92821.2	C57BL/6N	M	ntc-exNA	10	0	2021-11-02	2021-12-02	30
CMR-1656	92821.3	C57BL/6N	M	saline	0	0	2021-11-02	2021-12-02	30
CMR-1656	92822.1	C57BL/6N	M	saline	0	0	2021-11-02	2021-12-02	30
CMR-1656	92822.2	C57BL/6N	M	1682-exNA	10	0	2021-11-02	2021-12-02	30
CMR-1656	92822.3	C57BL/6N	M	1682-exNA	10	0	2021-11-02	2021-12-02	30
CMR-1656	92823.1	C57BL/6N	M	1682-exNA	10	0	2021-11-02	2021-12-02	30
CMR-1656	92823.2	C57BL/6N	M			0			
CMR-1656	92823.3	C57BL/6N	M			0			
CMR-1656	92824.1	C57BL/6N	F	ntc-exNA	10	0	2021-11-02	2021-12-02	30
CMR-1656	92824.2	C57BL/6N	F	ntc-exNA	10	0	2021-11-02	2021-12-02	30
CMR-1656	92824.3	C57BL/6N	F	ntc-exNA	10	0	2021-11-02	2021-12-02	30
CMR-1656	92825.1	C57BL/6N	F	saline	0	0	2021-11-02	2021-12-02	30
CMR-1656	92825.2	C57BL/6N	F	saline	0	0	2021-11-02	2021-12-02	30
CMR-1656	92825.3	C57BL/6N	F	saline	0	0	2021-11-02	2021-12-02	30
CMR-1656	92826.1	C57BL/6N	F	1682-exNA	10	0	2021-11-02	2021-12-02	30
CMR-1656	92826.2	C57BL/6N	F	1682-exNA	10	0	2021-11-02	2021-12-02	30
CMR-1656	92826.3	C57BL/6N	F	1682-exNA	10	0	2021-11-02	2021-12-02	30
CMR-1697	93816.1	Tg26372	M	saline	0	0	2021-11-23	2021-12-21	28
CMR-1697	93816.2	Tg26372	M	saline	0	0	2021-11-23	2021-12-21	28
CMR-1697	93816.3	Tg26372	M	saline	0	0	2021-11-23	2021-12-21	28
CMR-1697	93817.1	Tg26372	M	NTC-exNA	10	0	2021-11-23	2021-12-21	28
CMR-1697	93817.2	Tg26372	M	NTC-exNA	10	0	2021-11-23	2021-12-21	28
CMR-1697	93817.3	Tg26372	M	NTC-exNA	10	0	2021-11-23	2021-12-21	28
CMR-1697	93821.1	Tg26372	M	2439-exNA	10	0	2021-11-23	2021-12-21	28
CMR-1697	93821.2	Tg26372	M	2439-exNA	10	0	2021-11-23	2021-12-21	28
CMR-1697	93821.3	Tg26372	M	2439-exNA	10	0	2021-11-23	2021-12-21	28
CMR-1697	93820.1	Tg26372	M	2520-exNA	10	0	2021-11-23	2021-12-21	28
CMR-1697	93820.2	Tg26372	M	2520-exNA	10	0	2021-11-23	2021-12-21	28
CMR-1697	93820.3	Tg26372	M	2520-exNA	10	0	2021-11-23	2021-12-21	28
CMR-1697	93820.4	Tg26372	M	2768-exNA	10	0	2021-11-23	2021-12-21	28
CMR-1697	87011.1	Tg26372	F			0			
CMR-1697	87011.2	Tg26372	F	2768-exNA	10	0	2021-11-23	2021-12-21	28
CMR-1697	87011.3	Tg26372	F	saline	0	0	2021-11-23	2021-12-21	28
CMR-1697	87011.4	Tg26372	F	saline	0	0	2021-11-23	2021-12-21	28
CMR-1697	87011.5	Tg26372	F	saline	0	0	2021-11-23	2021-12-21	28
CMR-1697	93822.1	Tg26372	F	NTC-exNA	10	0	2021-11-23	2021-12-21	28
CMR-1697	93822.2	Tg26372	F	NTC-exNA	10	0	2021-11-23	2021-12-21	28
CMR-1697	93822.3	Tg26372	F	NTC-exNA	10	0	2021-11-23	2021-12-21	28
CMR-1697	93822.4	Tg26372	F	2439-exNA	10	0	2021-11-23	2021-12-21	28
CMR-1697	93822.5	Tg26372	F	2439-exNA	10	0	2021-11-23	2021-12-21	28
CMR-1697	93818.1	Tg26372	F	2439-exNA	10	0	2021-11-23	2021-12-21	28
CMR-1697	93818.2	Tg26372	F	2520-exNA	10	0	2021-11-23	2021-12-21	28
CMR-1697	93818.3	Tg26372	F	2520-exNA	10	0	2021-11-23	2021-12-21	28
CMR-1697	93819.1	Tg26372	F	2520-exNA	10	0	2021-11-23	2021-12-21	28
CMR-1697	93819.2	Tg26372	F	2768-exNA	10	0	2021-11-23	2021-12-21	28
CMR-1697	93819.3	Tg26372	F	2768-exNA	10	0	2021-11-23	2021-12-21	28
CMR-1697	93819.4	Tg26372	F	2768-exNA	10	0	2021-11-23	2021-12-21	28
CMR-1697	93819.5	Tg26372	F	2768-exNA	10	0	2021-11-23	2021-12-21	28
CMR-1871	97826.1	Tg26372	M	fixed tail-exNA	1	0	2022-03-21	2022-04-20	30
CMR-1871	97826.2	Tg26372	M	fixed tail-exNA	1	0	2022-03-21	2022-04-20	30
CMR-1871	97826.3	Tg26372	M	fixed tail-exNA	1	0	2022-03-21	2022-04-20	30
CMR-1871	97826.4	Tg26372	M	fixed tail-exNA	1	0	2022-03-21	2022-04-20	30
CMR-1871	97826.5	Tg26372	M	fixed tail-exNA	1	0	2022-03-21	2022-04-20	30
CMR-1871	97828.1	Tg26372	M	saline	0	0	2022-03-21	2022-04-20	30
CMR-1871	97829.1	Tg26372	F	saline	0	0	2022-03-21	2022-04-20	30
CMR-1871	97829.2	Tg26372	F	fixed tail-exNA	1	0	2022-03-21	2022-04-20	30
CMR-1871	97829.3	Tg26372	F	fixed tail-exNA	1	0	2022-03-21	2022-04-20	30
CMR-1871	97829.4	Tg26372	F	fixed tail-exNA	1	0	2022-03-21	2022-04-20	30
CMR-1871	97830.1	Tg26372	M	fixed tail-exNA	0.2	0	2022-03-21	2022-04-20	30
CMR-1871	97830.2	Tg26372	M	fixed tail-exNA	0.2	0	2022-03-21	2022-04-20	30
CMR-1871	97830.3	Tg26372	M	fixed tail-exNA	0.2	0	2022-03-21	2022-04-20	30
CMR-1871	97830.4	Tg26372	M	fixed tail-exNA	0.2	0	2022-03-21	2022-04-20	30
CMR-1871	97830.5	Tg26372	M	fixed tail-exNA	0.2	0	2022-03-21	2022-04-20	30
CMR-1871	97831.1	Tg26372	F	fixed tail-exNA	0.2	0	2022-03-21	2022-04-20	30
CMR-1871	97831.2	Tg26372	F	saline	0	0	2022-03-21	2022-04-20	30
CMR-1871	97831.3	Tg26372	F	saline	0	0	2022-03-21	2022-04-20	30
CMR-1871	97832.1	Tg26372	M	saline	0	0	2022-03-21	2022-04-20	30
CMR-1871	97832.2	Tg26372	M	saline	0	0	2022-03-21	2022-04-20	30
CMR-1871	97832.3	Tg26372	M	saline	0	0	2022-03-21	2022-04-20	30
CMR-1871	97832.4	Tg26372	M	saline	0	0	2022-03-21	2022-04-20	30
CMR-1871	97836.1	Tg26372	F	fixed tail-exNA	0.2	0	2022-03-21	2022-04-20	30
CMR-1871	97836.2	Tg26372	F	fixed tail-exNA	0.2	0	2022-03-21	2022-04-20	30
CMR-1871	97836.3	Tg26372	F	fixed tail-hiPS	0.2	0	2022-03-21	2022-04-20	30
CMR-1871	97836.4	Tg26372	F	fixed tail-hiPS	0.2	0	2022-03-21	2022-04-20	30
CMR-1871	95040.1	Tg26372	F	fixed tail-hiPS	0.2	0	2022-03-21	2022-04-20	30
CMR-1871	96725.1	Tg26372	M	fixed tail-hiPS	0.2	0	2022-03-21	2022-04-20	30
CMR-1871	87022.2	Tg26372	M	fixed tail-hiPS	0.2	0	2022-03-21	2022-04-20	30
CMR-1871	87022.3	Tg26372	M	fixed tail-hiPS	0.2	0	2022-03-21	2022-04-20	30
CMR-1871	87021.1	Tg26372	M	fixed tail-hiPS	0.2	0	2022-03-22	2022-04-22	31
CMR-1871	87021.2	Tg26372	M	fixed tail-hiPS	0.2	0	2022-03-22	2022-04-22	31
CMR-1871	87021.3	Tg26372	M	matched tail-hiPS	0.2	0	2022-03-22	2022-04-22	31
CMR-1871	87019.1	Tg26372	M	fixed tail-hiPS	1	0	2022-03-22	2022-04-22	31
CMR-1871	87019.2	Tg26372	M	fixed tail-hiPS	1	0	2022-03-22	2022-04-22	31
CMR-1871	87019.3	Tg26372	M	fixed tail-hiPS	1	0	2022-03-22	2022-04-22	31
CMR-1871	87019.4	Tg26372	M	fixed tail-hiPS	1	0	2022-03-22	2022-04-22	31
CMR-1871	87019.5	Tg26372	M	fixed tail-hiPS	1	0	2022-03-22	2022-04-22	31
CMR-1871	97827.1	Tg26372	F	fixed tail-hiPS	1	0	2022-03-22	2022-04-22	31
CMR-1871	97827.2	Tg26372	F	fixed tail-hiPS	1	0	2022-03-22	2022-04-22	31
CMR-1871	97827.3	Tg26372	F	fixed tail-hiPS	5	0	2022-03-22	2022-04-22	31
CMR-1871	97827.4	Tg26372	F	fixed tail-hiPS	5	0	2022-03-22	2022-04-22	31
CMR-1871	97839.1	Tg26372	M	fixed tail-hiPS	5	0	2022-03-22	2022-04-22	31
CMR-1871	97839.2	Tg26372	M	fixed tail-hiPS	5	0	2022-03-22	2022-04-22	31
CMR-1871	95041.1	Tg26372	F	fixed tail-hiPS	5	0	2022-03-22	2022-04-25	34
CMR-1871	87025.1	Tg26372	F	matched tail-hiPS	0.2	0	2022-03-22	2022-04-25	34
CMR-1871	87025.2	Tg26372	F	matched tail-hiPS	0.2	0	2022-03-22	2022-04-25	34
CMR-1871	87023.1	Tg26372	F	matched tail-hiPS	0.2	0	2022-03-22	2022-04-25	34
CMR-1871	95042.1	Tg26372	M	matched tail-hiPS	0.2	0	2022-03-22	2022-04-25	34
CMR-1871	95042.2	Tg26372	M	matched tail-hiPS	0.2	0	2022-03-22	2022-04-25	34
CMR-1871	87028.1	Tg26372	F	matched tail-hiPS	0.2	0	2022-03-22	2022-04-25	34
CMR-1871	87028.2	Tg26372	F	matched tail-hiPS	0.2	0	2022-03-22	2022-04-25	34
CMR-1871	87028.3	Tg26372	F	matched tail-hiPS	1	0	2022-03-22	2022-04-25	34
CMR-1871	87026.1	Tg26372	M	matched tail-hiPS	1	0	2022-03-22	2022-04-25	34
CMR-1871	87026.2	Tg26372	M	matched tail-hiPS	1	0	2022-03-22	2022-04-25	34
CMR-1871	87026.3	Tg26372	M	matched tail-hiPS	1	0	2022-03-22	2022-04-25	34
CMR-1871	87026.4	Tg26372	M	matched tail-hiPS	1	0	2022-03-22	2022-04-25	34
CMR-1871	87027.1	Tg26372	F	matched tail-hiPS	1	0	2022-03-22	2022-04-25	34
CMR-1871	87027.2	Tg26372	F	matched tail-hiPS	1	0	2022-03-22	2022-04-25	34
CMR-1871	87027.3	Tg26372	F	matched tail-hiPS	1	0	2022-03-22	2022-04-25	34
CMR-1871	87024.1	Tg26372	M	matched tail-hiPS	5	0	2022-03-24	2022-04-25	32
CMR-1871	87024.2	Tg26372	M	matched tail-hiPS	5	0	2022-03-24	2022-04-25	32
CMR-1871	87024.3	Tg26372	M	matched tail-hiPS	5	0	2022-03-24	2022-04-25	32
CMR-1871	87024.4	Tg26372	M	matched tail-hiPS	5	0	2022-03-24	2022-04-25	32
CMR-1871	95043.1	Tg26372	F	matched tail-hiPS	5	0	2022-03-24	2022-04-25	32
CMR-1871	95043.2	Tg26372	F	matched tail-hiPS	5	0	2022-03-24	2022-04-25	32
CMR-1871	95043.3	Tg26372	F	matched tail-hiPS	5	0	2022-03-24	2022-04-25	32
CMR-1871	95043.4	Tg26372	F	matched tail-hiPS	5	0	2022-03-24	2022-04-25	32
CMR-1871	97823.1	Tg26372	M	fixed tail-hiPS	1	0	2022-03-24	2022-04-25	32
CMR-1871	97823.2	Tg26372	M	fixed tail-exNA	5	0	2022-03-24	2022-04-25	32
CMR-1871	97823.3	Tg26372	M	fixed tail-exNA	5	0	2022-03-24	2022-04-25	32
CMR-1871	97825.1	Tg26372	F	fixed tail-exNA	5	0	2022-03-24	2022-04-25	32
CMR-1871	97825.2	Tg26372	F	fixed tail-exNA	5	0	2022-03-24	2022-04-25	32
CMR-1871	97825.3	Tg26372	F	fixed tail-exNA	5	0	2022-03-24	2022-04-25	32
CMR-1871	97825.4	Tg26372	F	fixed tail-exNA	5	0	2022-03-24	2022-04-25	32
CMR-1871	97824.1	Tg26372	M	fixed tail-exNA	5	0	2022-03-24	2022-04-25	32
CMR-1871	97824.2	Tg26372	M	fixed tail-exNA	5	0	2022-03-24	2022-04-25	32
CMR-1871	97824.3	Tg26372	M	fixed tail-loPS	5	0	2022-03-24	2022-04-25	32
CMR-1871	87020.1	Tg26372	F	fixed tail-loPS	5	0	2022-03-24	2022-04-25	32
CMR-1871	87020.2	Tg26372	F	fixed tail-loPS	5	0	2022-03-24	2022-04-25	32
CMR-1871	87020.3	Tg26372	F	fixed tail-loPS	5	0	2022-03-24	2022-04-25	32
CMR-1871	97837.1	Tg26372	M	fixed tail-loPS	5	0	2022-03-24	2022-04-25	32
CMR-1871	97837.2	Tg26372	M	fixed tail-loPS	5	0	2022-03-24	2022-04-25	32
CMR-1871	97837.3	Tg26372	M	fixed tail-loPS	5	0	2022-03-24	2022-04-25	32
CMR-1871	97838.1	Tg26372	M	fixed tail-loPS	5	0	2022-03-24	2022-04-25	32
CMR-1871	97838.2	Tg26372	M	fixed tail-hiPS	5	0	2022-03-24	2022-04-25	32
CMR-1871	97838.3	Tg26372	M	fixed tail-hiPS	5	0	2022-03-24	2022-04-25	32
CMR-1871	87029.1	Tg26372	M	fixed tail-hiPS	5	0	2022-03-24	2022-04-25	32
CMR-2198	1A.1	Tg26372	M	-	0	0	2022-10-06	2023-04-04	180
CMR-2198	2A.1	Tg26372	F	fixed tail-hiPS	5	0	2022-10-06	2023-04-04	180
CMR-2198	2A.2	Tg26372	F	fixed tail-hiPS	5	0	2022-10-06	2023-04-04	180
CMR-2198	2A.3	Tg26372	F	fixed tail-hiPS	5	0	2022-10-06	2023-04-04	180
CMR-2198	2A.4	Tg26372	F	-	0	0	2022-10-06	2023-01-05	91
CMR-2198	2A.5	Tg26372	F	-	0	0	2022-10-06		
CMR-2198	105257.1	Tg26372	F	fixed tail-exNA	5	0	2022-10-06	2023-01-05	91
CMR-2198	105257.2	Tg26372	F	fixed tail-exNA	5	0	2022-10-06	2023-01-05	91
CMR-2198	105257.3	Tg26372	F	fixed tail-exNA	5	0	2022-10-06	2023-01-05	91
CMR-2198	105257.4	Tg26372	F	-	0	0	2022-10-06	2023-01-05	91
CMR-2198	105258.1	Tg26372	M	fixed tail-exNA	5	0	2022-10-06	2023-01-05	91
CMR-2198	105258.2	Tg26372	M	fixed tail-exNA	5	0	2022-10-06	2023-01-05	91
CMR-2198	105258.3	Tg26372	M	fixed tail-exNA	5	0	2022-10-06	2023-01-05	91
CMR-2198	105258.4	Tg26372	M	-	0	0	2022-10-06	2023-01-05	91
CMR-2198	105258.5	Tg26372	M	-	0	0	2022-10-06	2023-01-05	91
CMR-2198	105259.1	Tg26372	M	fixed tail-hiPS	5	0	2022-10-06	2023-04-04	180
CMR-2198	105259.2	Tg26372	M	fixed tail-hiPS	5	0	2022-10-06		
CMR-2198	105259.3	Tg26372	M	fixed tail-hiPS	5	0	2022-10-06	2023-04-04	180
CMR-2198	108050.4	Tg26372	M	fixed tail-exNA	5	0	2022-10-06	2023-04-04	180
CMR-2198	105260.1	Tg26372	M	-	0	0	2022-10-06	2023-01-05	91
CMR-2198	105260.2	Tg26372	M	fixed tail-exNA	5	0	2022-10-06	2023-04-04	180
CMR-2198	105260.3	Tg26372	M	fixed tail-exNA	5	0	2022-10-06	2023-04-04	180
CMR-2198	105261.1	Tg26372	F	fixed tail-exNA	5	0	2022-10-06	2023-04-04	180
CMR-2198	105261.2	Tg26372	F	fixed tail-exNA	5	0	2022-10-06	2023-04-04	180
CMR-2198	105261.3	Tg26372	F	fixed tail-exNA	5	0	2022-10-06	2023-04-04	180
CMR-2198	105261.4	Tg26372	F	-	0	0	2022-10-06	2023-01-05	91
CMR-2198	105261.5	Tg26372	F	-	0	0	2022-10-06	2023-04-04	180
CMR-2198	105262.1	Tg26372	F	-	0	0	2022-10-06	2023-04-04	180
CMR-2198	105262.2	Tg26372	F	-	0	0	2022-10-06	2023-04-04	180
CMR-2198	105262.3	Tg26372	F	-	0	0	2022-10-06	2023-04-04	180
CMR-2198	105263.1	Tg26372	M	fixed tail-hiPS	5	0	2022-10-06	2023-01-05	91
CMR-2198	105263.2	Tg26372	M	fixed tail-hiPS	5	0	2022-10-06	2023-01-05	91
CMR-2198	105263.3	Tg26372	M	fixed tail-hiPS	5	0	2022-10-06	2023-01-05	91
CMR-2198	105263.4	Tg26372	M	-	0	0	2022-10-06	2022-11-04	29
CMR-2198	105263.5	Tg26372	M	-	0	0	2022-10-06	2022-11-04	29
CMR-2198	105264.1	Tg26372	M	-	0	0	2022-10-06	2022-11-04	29
CMR-2198	105265.1	Tg26372	F	fixed tail-hiPS	5	0	2022-10-06	2022-11-04	29
CMR-2198	105265.2	Tg26372	F	fixed tail-hiPS	5	0	2022-10-06	2022-11-04	29
CMR-2198	105265.3	Tg26372	F	fixed tail-hiPS	5	0	2022-10-06	2022-11-04	29
CMR-2198	105265.4	Tg26372	F	fixed tail-exNA	5	0	2022-10-06	2022-11-04	29
CMR-2198	105265.5	Tg26372	F	fixed tail-exNA	5	0	2022-10-06	2022-11-04	29
CMR-2198	105266.1	Tg26372	F	-	0	0	2022-10-06	2022-11-04	29
CMR-2198	105266.2	Tg26372	F	fixed tail-exNA	5	0	2022-10-06	2022-11-04	29
CMR-2198	105266.3	Tg26372	F	-	0	0	2022-10-06	2022-11-04	29
CMR-2198	105266.4	Tg26372	F	-	0	0	2022-10-06	2022-11-04	29
CMR-2198	105267.1	Tg26372	F	fixed tail-hiPS	5	0	2022-10-06	2023-01-05	91
CMR-2198	105267.2	Tg26372	F	fixed tail-hiPS	5	0	2022-10-06	2023-01-05	91
CMR-2198	105267.3	Tg26372	F	fixed tail-hiPS	5	0	2022-10-06	2023-01-05	91
CMR-2198	105268.1	Tg26372	M	fixed tail-exNA	5	0	2022-10-06	2022-11-04	29
CMR-2198	105269.1	Tg26372	M	fixed tail-exNA	5	0	2022-10-06	2022-11-04	29
CMR-2198	105269.2	Tg26372	M	fixed tail-exNA	5	0	2022-10-06	2022-11-04	29
CMR-2198	105270.1	Tg26372	M	fixed tail-hiPS	5	0	2022-10-06	2022-11-04	29
CMR-2198	105270.2	Tg26372	M	fixed tail-hiPS	5	0	2022-10-06	2022-11-04	29
CMR-2198	105270.3	Tg26372	M	fixed tail-hiPS	5	0	2022-10-06	2022-11-04	29
CMR-2198	100413.1	Tg26372	M	-	0	0	2022-10-06	2023-04-04	180
CMR-2198	100413.2	Tg26372	M	-	0	0	2022-10-06	2023-04-04	180
CMR-2198	100413.3	Tg26372	M			0			
CMR-2371	107266.1	Tg26372	M	2439loPS-exNA	10	0	2023-02-15	2023-03-21	34
CMR-2371	107266.2	Tg26372	M	2439loPS-exNA	10	0	2023-02-15	2023-03-21	34
CMR-2371	107265.1	Tg26372	M	2439loPS-exNA	10	0	2023-02-15	2023-03-21	34
CMR-2371	107267.1	Tg26372	F	none	0	0	2023-02-15	2023-03-21	34
CMR-2371	107267.2	Tg26372	F	none	0	0	2023-02-15	2023-03-21	34
CMR-2371	107267.3	Tg26372	F	none	0	0	2023-02-15	2023-06-15	120
CMR-2371	107270.1	Tg26372	M	2439hiPS-exNA	10	0	2023-02-15	2023-03-21	34
CMR-2371	107270.2	Tg26372	M	2439hiPS-exNA	10	0	2023-02-15	2023-03-21	34
CMR-2371	107270.3	Tg26372	M	2439hiPS-exNA	10	0	2023-02-15	2023-03-21	34
CMR-2371	107270.4	Tg26372	M	none	0	0	2023-02-15	2023-06-15	120
CMR-2371	107271.1	Tg26372	M	none	0	0	2023-02-15	2023-06-15	120
CMR-2371	107271.2	Tg26372	M	none	0	0	2023-02-15	2023-06-15	120
CMR-2371	107271.3	Tg26372	M	2439hiPS-exNA	10	0	2023-02-15	2023-06-15	120
CMR-2371	107272.1	Tg26372	F	2439hiPS-exNA	10	0	2023-02-15	2023-03-02	15
CMR-2371	107272.2	Tg26372	F	none	0	0	2023-02-15	2023-06-15	120
CMR-2371	107272.3	Tg26372	F	none	0	0	2023-02-15	2023-06-15	120
CMR-2371	107273.1	Tg26372	F	exclude	10	0	2023-02-15	2023-03-21	34
CMR-2371	107273.2	Tg26372	F	2439hiPS-exNA	10	0	2023-02-15	2023-06-15	120
CMR-2371	107273.3	Tg26372	F	none	0	0	2023-02-15	2023-06-15	120
CMR-2371	111030.1	Tg26372	M	none	0	0	2023-02-15	2023-03-21	34
CMR-2371	111030.2	Tg26372	M	none	0	0	2023-02-15	2023-03-21	34
CMR-2371	111030.3	Tg26372	M	none	0	0	2023-02-15	2023-03-21	34
CMR-2371	111033.1	Tg26372	F	2439loPS-exNA	10	0	2023-02-15	2023-03-21	34
CMR-2371	111033.2	Tg26372	F	2439loPS-exNA	10	0	2023-02-15	2023-03-21	34
CMR-2371	111033.3	Tg26372	F	2439loPS-exNA	10	0	2023-02-15	2023-03-21	34
CMR-2371	111033.4	Tg26372	F	2439hiPS-exNA	10	0	2023-02-15	2023-03-21	34
CMR-2371	111033.5	Tg26372	F	2439hiPS-exNA	10	0	2023-02-15	2023-03-21	34
CMR-2371	111031.1	Tg26372	M	2439hiPS-exNA	10	0	2023-02-15	2023-06-15	120
CMR-2371	111031.2	Tg26372	M	2439hiPS-exNA	10	0	2023-02-15	2023-06-15	120
CMR-2371	111031.3	Tg26372	M	2439loPS-exNA	10	0	2023-02-15	2023-06-15	120
CMR-2371	111031.4	Tg26372	M	2439loPS-exNA	10	0	2023-02-15	2023-06-15	120
CMR-2371	111031.5	Tg26372	M	2439loPS-exNA	10	0	2023-02-15	2023-06-15	120
CMR-2371	111032.1	Tg26372	F	2439loPS-exNA	10	0	2023-02-15	2023-06-15	120
CMR-2371	111032.2	Tg26372	F	2439loPS-exNA	10	0	2023-02-15	2023-06-15	120
CMR-2371	111032.3	Tg26372	F	2439loPS-exNA	10	0	2023-02-15	2023-06-15	120
CMR-2371	111032.4	Tg26372	F	none	0	0	2023-02-15	2023-06-15	120
CMR-3164	124022.1	Tg26372 HOM/ZH3 HOM	F	none	0	0	2024-05-21	2024-06-21	31
CMR-3164	124022.2	Tg26372 HOM/ZH3 HOM	F	none	0	0	2024-05-21	2024-06-21	31
CMR-3164	124023.1	Tg26372 HOM/ZH3 HOM	M	none	0	0	2024-05-21	2024-06-21	31
CMR-3164	124024.1	Tg26372 HOM/ZH3 HOM	F	none	0	0	2024-05-21	2024-06-21	31
CMR-3164	124024.2	Tg26372 HOM/ZH3 HOM	F	2439-exNA	1.5	0	2024-05-21	2024-06-21	31
CMR-3164	124024.3	Tg26372 HOM/ZH3 HOM	F	2439-exNA	1.5	0	2024-05-21	2024-06-21	31
CMR-3164	124024.4	Tg26372 HOM/ZH3 HOM	F	2439-exNA	1.5	0	2024-05-21	2024-06-21	31
CMR-3164	123391.1	Tg26372 HOM/ZH3 HOM	M	none	0	0	2024-05-21	2024-06-21	31
CMR-3164	123391.2	Tg26372 HOM/ZH3 HOM	M	none	0	0	2024-05-21	2024-06-21	31
CMR-3164	123391.3	Tg26372 HOM/ZH3 HOM	M	2439-exNA	1.5	0	2024-05-21	2024-06-21	31
CMR-3164	123391.4	Tg26372 HOM/ZH3 HOM	M	2439-exNA	1.5	0	2024-05-21	2024-06-21	31
CMR-3164	123392.1	Tg26372 HOM/ZH3 HOM	F	2439-exNA	1.5	0, 7	2024-05-21	2024-06-21	31
CMR-3164	123392.2	Tg26372 HOM/ZH3 HOM	F	2439-exNA	1.5	0, 7	2024-05-21	2024-06-21	31
CMR-3164	123392.3	Tg26372 HOM/ZH3 HOM	F	2439-exNA	1.5	0, 7	2024-05-21	2024-06-21	31
CMR-3164	123392.4	Tg26372 HOM/ZH3 HOM	F	none	0	0	2024-05-21	2024-09-18	120
CMR-3164	123393.1	Tg26372 HOM/ZH3 HOM	M	2439-exNA	1.5	0	2024-05-21		
CMR-3164	123393.2	Tg26372 HOM/ZH3 HOM	M	none	0	0	2024-05-21	2024-06-21	31
CMR-3164	123400.1	Tg26372 HOM/ZH3 HOM	M	none	0	0	2024-05-21	2024-09-18	120
CMR-3164	123394.1	Tg26372 HOM/ZH3 HOM	F	none	0	0	2024-05-21	2024-09-18	120
CMR-3164	123394.2	Tg26372 HOM/ZH3 HOM	F	2439-exNA	10	0, 7, 90	2024-05-21	2024-09-18	120
CMR-3164	123395.1	Tg26372 HOM/ZH3 HOM	M	2439-exNA	1.5	0, 7	2024-05-21	2024-06-21	31
CMR-3164	123395.2	Tg26372 HOM/ZH3 HOM	M	2439-exNA	1.5	0, 7	2024-05-21	2024-06-21	31
CMR-3164	123395.3	Tg26372 HOM/ZH3 HOM	M	2439-exNA	1.5	0, 7, 90	2024-05-21	2024-09-18	120
CMR-3164	123397.1	Tg26372 HOM/ZH3 HOM	F	2439-exNA	1.5	0, 7, 90	2024-05-21	2024-09-18	120
CMR-3164	123397.2	Tg26372 HOM/ZH3 HOM	F	2439-exNA	1.5	0, 7, 90	2024-05-21	2024-09-18	120
CMR-3164	123397.3	Tg26372 HOM/ZH3 HOM	F	2439-exNA	10	0, 7, 90	2024-05-21	2024-09-18	120
CMR-3164	123397.4	Tg26372 HOM/ZH3 HOM	F		0		2024-05-21		
CMR-3164	123398.1	Tg26372 HOM/ZH3 HOM	M	2439-exNA	1.5	0, 7, 90	2024-05-21	2024-09-18	120
CMR-3164	123398.2	Tg26372 HOM/ZH3 HOM	M	2439-exNA	1.5	0, 7	2024-05-21	2024-06-18	28
CMR-3164	123398.3	Tg26372 HOM/ZH3 HOM	M	2439-exNA	10	0, 7, 90	2024-05-21	2024-09-18	120
CMR-3164	123398.4	Tg26372 HOM/ZH3 HOM	M	2439-exNA	10	0, 7, 90	2024-05-21	2024-09-18	120
CMR-3164	123398.5	Tg26372 HOM/ZH3 HOM	M	none	0	0	2024-05-21	2024-09-18	120
CMR-3164	135014.1	Tg26372 HOM/ZH3 HOM	F	none	0	0	2024-05-21	2024-09-18	120
CMR-3164	135014.2	Tg26372 HOM/ZH3 HOM	F	2439-exNA	10	0, 7, 90	2024-05-21		
CMR-3164	135014.3	Tg26372 HOM/ZH3 HOM	F	2439-exNA	1.5	0, 7, 90	2024-05-21	2024-09-18	120
CMR-3164	135015.1	Tg26372 HOM/ZH3 HOM	M	2439-exNA	10	0, 7, 90	2024-05-21	2024-09-18	120
CMR-3164	135015.2	Tg26372 HOM/ZH3 HOM	M	2439-exNA	1.5	0, 7, 90	2024-05-21	2024-09-18	120
CMR-3164	135353.1	Tg26372 HOM/ZH3 HOM	M	none	0	0	2024-05-21	2024-09-18	120
CMR-3164	123413.1	Tg26372 HOM/ZH3 HOM	M	none	0	0	2024-08-19	2024-09-18	30
CMR-3164	136187.1	Tg26372 HOM/ZH3 HOM	M	2439-exNA	1.5	0	2024-08-19	2024-09-18	30
